{"inputUnits":[34],"outputUnits":6,"inputs":{"0":{"dtype":"number","min":289.705931903326,"max":422.547425982083},"1":{"dtype":"number","min":41.80763229756792,"max":181.06524268553733},"2":{"dtype":"number","min":297.9150786223235,"max":437.57659376713264},"3":{"dtype":"number","min":40.72293093794735,"max":175.01129239623307},"4":{"dtype":"number","min":282.4195406729715,"max":412.93597067076325},"5":{"dtype":"number","min":34.307124266150396,"max":171.81407668204798},"6":{"dtype":"number","min":314.36245626408686,"max":452.30460897523756},"7":{"dtype":"number","min":59.46092797069289,"max":187.13983546920684},"8":{"dtype":"number","min":274.40529628106725,"max":396.9488166972675},"9":{"dtype":"number","min":47.50535931503563,"max":182.3053272983484},"10":{"dtype":"number","min":322.65951472648635,"max":449.1419682493451},"11":{"dtype":"number","min":110.69503100062437,"max":241.13228335018044},"12":{"dtype":"number","min":258.0688251993577,"max":396.14871197973775},"13":{"dtype":"number","min":96.77632590251125,"max":240.75701633624396},"14":{"dtype":"number","min":272.4293586478131,"max":455.9689509520056},"15":{"dtype":"number","min":121.8947335107517,"max":305.5773432027062},"16":{"dtype":"number","min":222.78984084696333,"max":380.4404782598246},"17":{"dtype":"number","min":74.81502421418128,"max":305.5212319059911},"18":{"dtype":"number","min":260.3862436751873,"max":453.64610519557897},"19":{"dtype":"number","min":59.26053469176412,"max":316.74650329827796},"20":{"dtype":"number","min":220.51295126158357,"max":388.4214404963146},"21":{"dtype":"number","min":55.38411904496755,"max":315.4368234377855},"22":{"dtype":"number","min":325.4939867878518,"max":432.8049937465734},"23":{"dtype":"number","min":234.3680803027534,"max":383.6055462634586},"24":{"dtype":"number","min":274.42402443690605,"max":426.67513901262487},"25":{"dtype":"number","min":223.95335325720714,"max":390.86026375753835},"26":{"dtype":"number","min":253.05013199298702,"max":422.9045738532529},"27":{"dtype":"number","min":300.73692872045564,"max":504.53110663282007},"28":{"dtype":"number","min":251.44320541887487,"max":420.40025395027146},"29":{"dtype":"number","min":282.51682928431103,"max":490.4243733961912},"30":{"dtype":"number","min":266.3665129009046,"max":520.8011940998873},"31":{"dtype":"number","min":356.18802373637,"max":557.7502698693824},"32":{"dtype":"number","min":201.95077639574194,"max":519.622224506579},"33":{"dtype":"number","min":342.2936381141112,"max":556.7700193825289}},"outputs":{"0":{"dtype":"string","min":0,"max":1,"uniqueValues":["0","1","2","3","4","5"],"legend":{"0":[1,0,0,0,0,0],"1":[0,1,0,0,0,0],"2":[0,0,1,0,0,0],"3":[0,0,0,1,0,0],"4":[0,0,0,0,1,0],"5":[0,0,0,0,0,1]}}},"isNormalized":true}