{
	"0": {
		"0": 285.1636273910755,
		"1": 76.3851337656377,
		"2": 196.9651447801116,
		"3": 150.64685115934714,
		"4": 139.8637315617896,
		"5": 218.95424299350324,
		"6": 83.12647211249886,
		"7": 283.8297498759223
	},
	"1": {
		"0": 228.57988029068397,
		"1": 253.68060259086766,
		"2": 202.3668981354345,
		"3": 188.37361265035725,
		"4": 87.35923340605663,
		"5": 95.22891192766434,
		"6": 189.7008959964337,
		"7": 118.73148885769584
	},
	"2": {
		"0": 129.84067646485013,
		"1": 127.76320285334617,
		"2": 186.67131353008273,
		"3": 182.86094199858192,
		"4": 219.8681394748028,
		"5": 218.2392522480449,
		"6": 212.37055701014685,
		"7": 181.12698284873412
	},
	"3": {
		"0": 181.8419389805628,
		"1": 176.76770936995166,
		"2": 166.84236524044059,
		"3": 173.3157617738313,
		"4": 193.88508217218663,
		"5": 190.0700670850446,
		"6": 178.7706435578468,
		"7": 179.80794849001828
	}
}