{"inputUnits":[34],"outputUnits":6,"inputs":{"0":{"dtype":"number","min":236.26446670026573,"max":435.0082733570716},"1":{"dtype":"number","min":13.443761754918981,"max":308.752124927662},"2":{"dtype":"number","min":244.098494382862,"max":431.9810905233461},"3":{"dtype":"number","min":3.8476544653463094,"max":305.45683624683994},"4":{"dtype":"number","min":235.12086715846962,"max":432.23149706745704},"5":{"dtype":"number","min":5.595967848630906,"max":306.1759672109146},"6":{"dtype":"number","min":256.7611057809454,"max":493.7252551816825},"7":{"dtype":"number","min":11.892198707625184,"max":324.9682052047164},"8":{"dtype":"number","min":241.63780881647477,"max":426.99636894359924},"9":{"dtype":"number","min":14.242331224110615,"max":310.9907564456932},"10":{"dtype":"number","min":255.85239700406615,"max":506.1119826169971},"11":{"dtype":"number","min":45.99927400287828,"max":323.19793314496906},"12":{"dtype":"number","min":235.82046270835235,"max":433.6698642901742},"13":{"dtype":"number","min":45.093480160361835,"max":316.3472906934355},"14":{"dtype":"number","min":235.4321898819178,"max":544.575354741563},"15":{"dtype":"number","min":81.28227397479972,"max":382.99188595301456},"16":{"dtype":"number","min":204.93645383600602,"max":440.52777578491447},"17":{"dtype":"number","min":76.5429949249208,"max":401.7788080583539},"18":{"dtype":"number","min":197.69504837125365,"max":543.1435824091207},"19":{"dtype":"number","min":46.09244601303605,"max":402.5028292709856},"20":{"dtype":"number","min":200.72259795131274,"max":456.55969720137745},"21":{"dtype":"number","min":41.39272574560451,"max":390.97529123168704},"22":{"dtype":"number","min":257.4445015831068,"max":502.1552605285049},"23":{"dtype":"number","min":147.7148354216161,"max":448.11409933525215},"24":{"dtype":"number","min":251.1800760785971,"max":427.7158122220699},"25":{"dtype":"number","min":138.9034468295746,"max":456.47573846590217},"26":{"dtype":"number","min":191.51000619631762,"max":500.111003303156},"27":{"dtype":"number","min":224.98740331936068,"max":512.867478041621},"28":{"dtype":"number","min":194.27001834148086,"max":432.04874971921447},"29":{"dtype":"number","min":179.8196736088505,"max":546.3237787733766},"30":{"dtype":"number","min":216.33612738715277,"max":500.09216687832657},"31":{"dtype":"number","min":261.47849069933676,"max":558.6505257827729},"32":{"dtype":"number","min":216.3330845526087,"max":445.1135991563109},"33":{"dtype":"number","min":235.62192712378544,"max":558.5943441967286}},"outputs":{"0":{"dtype":"string","min":0,"max":1,"uniqueValues":["0","1","2","3","4","5"],"legend":{"0":[1,0,0,0,0,0],"1":[0,1,0,0,0,0],"2":[0,0,1,0,0,0],"3":[0,0,0,1,0,0],"4":[0,0,0,0,1,0],"5":[0,0,0,0,0,1]}}},"isNormalized":true}